{
  "id": "Chouquettes_Parmesan_Jambon_Sauge",
  "title": "Chouquettes Parmesan Jambon Sauge",
  "rating": 5,
  "difficulty": 2,
  "prepTime": 5,
  "cookTime": 25,
  "rest": false,
  "tags": [
    "Entrée",
    "Salé",
    "Européen"
  ],
  "guests": 18,
  "ingredients": [
    {
      "name": "Beurre",
      "quantity": "85.00",
      "unit": "g",
      "price": 0.05
    },
    {
      "name": "Farine",
      "quantity": "100.00",
      "unit": "g",
      "price": 0
    },
    {
      "name": "Œuf",
      "quantity": "3.00",
      "unit": ".",
      "price": 0.1
    },
    {
      "name": "Feuille de sauge",
      "quantity": "5.00",
      "unit": ".",
      "price": 0.05
    },
    {
      "name": "Parmesan râpé",
      "quantity": "40.00",
      "unit": "g",
      "price": 0.05
    },
    {
      "name": "Jambon cru",
      "quantity": "100.00",
      "unit": "g",
      "price": 0.2
    },
    {
      "name": "Eau",
      "quantity": "220.00",
      "unit": "ml",
      "price": 0
    }
  ],
  "instructions": "Préchauffer le four à 200°C.\nDans une casserole faire fondre le beurre dans l'eau et porter à ébullition.\nAjouter une pincée de sel à la farine puis l'ajouter d'un coup dans la casserole hors du feu. Remettre sur le feu et mélanger jusqu'à ce que le mélange se détache des bords de la casserole.\nUne fois que le mélange est froid, ajouter les œufs. Puis ajouter le parmesan, le jambon et la sauge.\nFaire des choux de 3-4cm de diamètre.\nCuire 20 à 25 minutes.",
  "tips": "Recette pour 18 chouquettes.",
  "cook": "Camille Schmidt",
  "url": "",
  "images": [
    "resources/_1.jpg",
    "resources/_2.jpg"
  ]
}