{
  "id": "Flemme-Kueche",
  "title": "Flemme-Kueche",
  "rating": 4,
  "difficulty": 1,
  "prepTime": 2,
  "cookTime": 12,
  "rest": false,
  "tags": [
    "Simple",
    "Entrée",
    "Européen"
  ],
  "guests": 3,
  "ingredients": [
    {
      "name": "Piadine ou pain à fajitas",
      "quantity": 2,
      "unit": ".",
      "price": 0.15000000000000002
    },
    {
      "name": "Crème fraîche épaisse",
      "quantity": 150,
      "unit": "g",
      "price": 0.8
    },
    {
      "name": "Lardons ou tofu fumé coupé en petits cubes",
      "quantity": 150,
      "unit": "g",
      "price": 0.65
    },
    {
      "name": "Oignon",
      "quantity": 4,
      "unit": ".",
      "price": 1
    }
  ],
  "instructions": "Faire revenir les lardons dans une poêle. Une fois cuits, les réserver dans un bol.\nDans le même temps, émincer les oignons.\nDans la même poêle, faire revenir les oignons à feux moyen/fort jusqu'à ce qu'ils dorent un peu, puis ajouter un peu de sel et réduire un peu le feu pour faire suer les oignons. Lorsqu'ils sont cuits, rajouter les lardons, poivrer et mélanger.\nDans une autre poêle, faire chauffer une piadina sur les deux faces pour la rendre croustillante. Une fois que c'est le cas, étaler de la crème sur une des faces, puis ajouter du mélange lardons-oignons. Poivrer une dernière fois, couper en morceaux et servir.",
  "tips": "Dégustez !",
  "cook": "Fringale",
  "url": "https://180c.ch/",
  "images": [
    "resources/Flemme-Kueche_1751707482522_1.jpg"
  ]
}