{
  "id": "Poulet_Frit_Coréen",
  "title": "Poulet Frit Coréen",
  "rating": 5,
  "difficulty": 4,
  "prepTime": 20,
  "cookTime": 35,
  "rest": true,
  "tags": [
    "Asiatique",
    "Carnivore",
    "Plat principal"
  ],
  "guests": 4,
  "ingredients": [
    {
      "name": "Ailes de poulet",
      "quantity": "900.00",
      "unit": "g",
      "price": 2.7
    },
    {
      "name": "Sel",
      "quantity": "6.00",
      "unit": "g",
      "price": 0
    },
    {
      "name": "Gingembre",
      "quantity": "8.00",
      "unit": "g",
      "price": 0
    },
    {
      "name": "Amidon de maïs",
      "quantity": "160.00",
      "unit": "g",
      "price": 0.35000000000000003
    },
    {
      "name": "Poivre noir",
      "quantity": "1.00",
      "unit": "",
      "price": 0
    },
    {
      "name": "Ketchup",
      "quantity": "90.00",
      "unit": "g",
      "price": 0.15000000000000002
    },
    {
      "name": "Sambal",
      "quantity": "40.00",
      "unit": "g",
      "price": 0.2
    },
    {
      "name": "Mirin",
      "quantity": "35.00",
      "unit": "g",
      "price": 0.25
    },
    {
      "name": "Sauce soja foncée",
      "quantity": "30.00",
      "unit": "g",
      "price": 0.1
    },
    {
      "name": "Miel",
      "quantity": "40.00",
      "unit": "g",
      "price": 0.05
    },
    {
      "name": "Sucre brun",
      "quantity": "15.00",
      "unit": "g",
      "price": 0
    },
    {
      "name": "Ail",
      "quantity": "4.00",
      "unit": "gousse",
      "price": 0.05
    },
    {
      "name": "Vinaigre de riz",
      "quantity": "24.00",
      "unit": "g",
      "price": 0.15000000000000002
    },
    {
      "name": "Huile végétale",
      "quantity": "1.00",
      "unit": "",
      "price": 1.25
    },
    {
      "name": "Graines de sésam",
      "quantity": "1.00",
      "unit": "",
      "price": 0
    },
    {
      "name": "Oignon nouveau",
      "quantity": "1.00",
      "unit": "",
      "price": 0.15000000000000002
    },
    {
      "name": "Coriandre",
      "quantity": "1.00",
      "unit": "",
      "price": 0.15000000000000002
    }
  ],
  "instructions": "Couper les ailes en deux morceaux en les séparant à l'articulation. Mettre dans un bol et assaisonner avec le sel, le gingembre râpé et du poivre noir. Couvrir et laisser infuser 1 heure au frigo.\nPour la sauce, mélanger le ketchup, le sambal, le mirin, la sauce soja, le miel et le sucre brun. Dans une petite casserole, cuire à feu doux en remuant pendant 5 minutes.\nVerser cette sauce dans un bol et râper les gousses d'ails. Une fois tiède, ajouter le vinaigre de riz.\nSortir les ailes du frigo, les sécher avec du papier à cuisine, puis les recouvrir généreusement d'amidon de maïs.\nRemplir une grande casserole à moitié avec de l'huile végétale et chauffer jusqu'à une température de 185°C. Frire les ailes pendant 3-4 minutes. Faites plusieurs fournées si vous avez trop d'ailes par rapport à votre casserole.\nLaisser refroidir une dizaine de minutes sur une grille placée au dessus d'un plateau.\nChauffer l'huile à 200°C et faire refrire les ailes pendant 4-5 minutes. Laisser couler l'excès d'huile sur la grille.\nMettre la sauce sur les ailes dans un bol et remuer pour bien recouvrir les ailes de tous les côtés. Servir en garnissant avec des graines de sésame, coriandre et des oignons verts.",
  "tips": "La friture se fait en deux temps. Le premier bain vise à cuire la viande et le second à développer le croustillant. De plus, la friture se fait à 175°C mais pour cela on doit chauffer l'huile à 185°C qui refroidira une fois les ailes ajoutées. C'est le même principe pour le deuxième bain de friture dont la température visée est de 190°C.",
  "cook": "Fringale",
  "url": "https://180c.ch/",
  "images": [
    "resources/Poulet_Frit_Coréen_1.jpg",
    "resources/Poulet_Frit_Coréen_2.jpg",
    "resources/Poulet_Frit_Coréen_3.jpg"
  ]
}