{
  "id": "Toasts_Miel-Aubergine",
  "title": "Toasts Miel-Aubergine",
  "rating": 5,
  "difficulty": 2,
  "prepTime": 5,
  "cookTime": 15,
  "rest": false,
  "tags": [
    "Entrée",
    "Végétarien",
    "Européen"
  ],
  "ingredients": [
    {
      "name": "Tranche de pain aux céréales",
      "quantity": 1,
      "unit": ".",
      "price": 0
    },
    {
      "name": "Ail",
      "quantity": 1.5,
      "unit": "gousse",
      "price": 0.25
    },
    {
      "name": "Aubergine",
      "quantity": 0.25,
      "unit": ".",
      "price": 0.25
    },
    {
      "name": "Miel",
      "quantity": 1,
      "unit": "",
      "price": 0.05
    },
    {
      "name": "Noix",
      "quantity": 1,
      "unit": "",
      "price": 0.25
    },
    {
      "name": "Chèvre",
      "quantity": 1,
      "unit": "",
      "price": 0.6
    },
    {
      "name": "Persil",
      "quantity": 1,
      "unit": "",
      "price": 0.15
    }
  ],
  "instructions": "Préchauffer le four à 180°C.\nDans un bol, écraser l'ail, saler, poivrer, ajouter 3 bonnes c. à s. d'huile d'olive sur puis mélanger.\nÉtaler la préparation d'ail sur les tranches de pain.\nCouper l'aubergine en fines tranches et déposer chacune d'elles sur les tranches.\nDéposer un peu de chèvre et quelques cerneaux de noix, ajouter du miel et du persil sur chaque toast.\nEnfourner 10 minutes, jusqu'à que les toasts soient dorés.",
  "tips": "Peut être servis en apéritif.",
  "cook": "Clarisse Ollivier",
  "url": "",
  "images": [
    "resources/_1.jpg"
  ]
}